category,condition,item,ref_f0_mean,synth_f0_mean,ref_f0_std,synth_f0_std,ref_f0_range,synth_f0_range,ref_dur,synth_dur
emotion,anger,ad00_0000,264.81059414949976,252.2381146873639,66.92084447905918,77.14638657765995,275.61155340755266,291.37993262930473,2.413514739229025,1.497687074829932
emotion,fear,ad00_0000,367.73919009512946,373.8275681645405,73.84358159965926,87.61347149875631,230.2736743168029,412.8978601028191,2.0894784580498866,1.6253968253968254
emotion,joy,ad00_0000,322.7522121195891,311.93562387905604,80.39424968749707,98.81129865114083,261.96096863705054,402.3282740500296,1.9940136054421769,1.486077097505669
emotion,neutral,ad00_0000,196.02501324099748,180.16627056696268,17.811940192567867,24.823183715141692,65.17724385315552,138.80857913353555,1.2140136054421768,1.2654875283446712
emotion,sadness,ad00_0000,255.36077950360692,231.76755685656153,27.84246919096239,61.05910670160431,119.87920443401822,202.41209691410995,1.999501133786848,1.4164172335600906
emotion,anger,ad00_0001,277.84683379470005,276.3452456826051,63.91785152692545,60.4653556032775,242.73706518635404,283.12566666104624,2.6280045351473924,2.426485260770975
emotion,fear,ad00_0001,359.45919653943025,343.948287841632,53.425315990018944,80.48961762994864,259.2243509605355,386.20440145795015,2.5,2.3219954648526078
emotion,joy,ad00_0001,321.8174858881032,319.1757695940019,73.80645667524128,132.15161743770082,265.56997316127723,421.21224652057515,2.407482993197279,1.9156462585034013
emotion,neutral,ad00_0001,220.6748422962713,210.2242421468699,33.20622585697969,45.756110463984605,121.5494897700377,216.15716744455239,1.8370068027210884,1.7531065759637188
emotion,sadness,ad00_0001,228.6748853175739,241.28220855249413,53.44713817912506,34.873815008186455,195.8400308987399,130.37551155286687,2.948503401360544,2.2871655328798184
emotion,anger,ad00_0002,309.3777222856448,280.9576244336773,84.19911126888945,74.75522122932811,305.26712050179924,253.45095661551164,2.0195011337868483,1.6253968253968254
emotion,fear,ad00_0002,355.1183479935743,356.7277532188409,81.08182744906952,80.83322873709028,256.31652253448135,277.17763412770864,1.6410204081632653,1.3815873015873017
emotion,joy,ad00_0002,299.9531083783139,314.80132855443827,68.17919009780127,94.85793184705996,265.4219210629178,289.2119241863751,1.6670068027210885,1.3583673469387756
emotion,neutral,ad00_0002,205.30784093258103,199.27028991677432,29.6059678650617,32.382246885520104,103.47246635870508,110.66430745262119,1.2375056689342403,1.230657596371882
emotion,sadness,ad00_0002,243.46344908006867,238.83422013358964,44.60833001493451,40.92859367662936,147.26639559468256,129.4084833249673,1.8050113378684807,1.4628571428571429
emotion,anger,ad00_0003,308.44472772053547,295.3599815139535,91.57806797895526,82.76361278720833,322.4387939395142,288.62385591218504,2.4380045351473925,1.7066666666666668
emotion,fear,ad00_0003,345.28292816175156,326.27265843959003,68.5594846387085,75.74010900772457,242.81478276652118,242.7239533911674,1.9055102040816327,1.486077097505669
emotion,joy,ad00_0003,367.4069669770147,390.72077298812167,76.69739142369497,78.91234041500593,244.9651994708247,262.1174703403912,1.9105215419501134,1.4512471655328798
emotion,neutral,ad00_0003,249.02295808594587,236.3946328442561,48.486742632701734,52.064414965317596,158.94345712563614,146.55395990778734,1.423015873015873,1.2770975056689342
emotion,sadness,ad00_0003,280.42238660155476,236.61185686344314,32.32432674307995,71.25793986467174,161.6693626736355,238.3647548556423,2.1130158730158732,1.509297052154195
emotion,anger,ad00_0004,301.1819072068555,288.8542328905518,81.60340624704973,78.21749531629519,293.21277632165084,370.4518860452226,3.235487528344671,2.449705215419501
emotion,fear,ad00_0004,356.64732397322086,358.1804034745808,63.33782603413338,64.3851067396362,266.2683383919623,229.9818040474556,2.6624716553287984,2.10140589569161
emotion,joy,ad00_0004,342.5229623550523,364.38403509668564,90.17073966827594,100.33395871672599,283.362612324398,281.62742941906515,2.28172335600907,1.8808163265306121
emotion,neutral,ad00_0004,224.15268056807926,218.26435793800258,35.623281191769514,34.6808453349767,120.32986780312203,122.49035288744423,1.9233786848072563,1.5905668934240362
emotion,sadness,ad00_0004,233.33773211133797,223.13226635775086,32.22806273284887,30.821337211019337,118.89836631744274,129.74432764525363,3.0632879818594105,1.9620861678004535
emotion,anger,ad01_0000,206.82639431603155,195.21649784608692,57.839642231850945,52.00274119928538,392.88092184347175,302.5552956802003,2.3525170068027212,1.9969160997732427
emotion,fear,ad01_0000,167.3000987060611,188.3599389942969,21.140930850979576,56.90906412595664,88.7896415019599,279.5536566368178,1.8070068027210884,1.5905668934240362
emotion,joy,ad01_0000,219.76928458973316,211.53815005097758,39.63155627447011,43.48295439099783,174.24884905971092,178.20475506045076,1.7335147392290249,1.8459863945578232
emotion,neutral,ad01_0000,105.61753235965115,106.88939583680752,35.3077740011098,22.929619962602814,213.95924062405703,110.22232696485055,1.8200226757369615,1.7763265306122449
emotion,sadness,ad01_0000,126.16679527109393,126.85780321169408,12.596804258173169,13.905590560598926,57.69209900082083,91.02569771600103,1.789501133786848,1.8575963718820863
emotion,anger,ad01_0001,176.39334026412365,176.37997886250423,41.35326517736447,18.815067065024344,303.80388698471893,89.01645943129202,2.25,1.799546485260771
emotion,fear,ad01_0001,169.2731738167986,168.8528946949719,19.96735407241682,15.790906907571893,92.81902104055999,61.66312547239275,1.693015873015873,1.6486167800453515
emotion,joy,ad01_0001,240.7168326143141,242.18608272231734,50.30781697238177,49.5153262014364,235.1098311218011,244.76419118606225,1.6555102040816327,1.6137868480725623
emotion,neutral,ad01_0001,100.38998612175047,180.1883659677275,10.838858260416494,112.86011359134676,44.01836806040761,360.34290724048356,1.7460090702947846,1.7531065759637188
emotion,sadness,ad01_0001,148.22243518468434,130.17779019916858,85.70847945865769,12.020592264405733,389.582550829047,49.5047286327049,1.8990022675736962,1.7531065759637188
emotion,anger,ad01_0002,187.44981330942306,194.15015556820387,44.798798046232676,28.986971035097415,164.5541943907889,113.29264877796231,2.2553514739229024,1.7298866213151927
emotion,fear,ad01_0002,174.38099009860576,169.05893260859492,22.25330709281903,16.95926557811661,118.6711454770315,76.86723037026898,1.9375056689342403,1.4396371882086167
emotion,joy,ad01_0002,233.15136106521774,241.3828191337744,79.8756158246248,71.4429878683532,285.40519205143335,291.22749141055175,1.75,1.5441269841269842
emotion,neutral,ad01_0002,97.45422840634056,111.23000014390229,13.370278107869801,29.123741024736958,58.248194717916846,126.13087418557403,1.9077551020408163,1.474467120181406
emotion,sadness,ad01_0002,123.0527894663412,118.03865229935752,14.481431902896837,15.640573516688656,63.63578429794171,63.50528034431292,2.0862131519274376,1.5441269841269842
emotion,anger,ad01_0003,173.2217184778502,173.75684105110656,30.92326920253909,26.374743455570208,157.30439047209705,146.10991075757457,1.942517006802721,1.4164172335600906
emotion,fear,ad01_0003,142.27525862623943,152.53242524473174,14.092912275345375,50.25570790246166,49.64041805507523,256.73778306275705,1.7115192743764172,1.4048072562358276
emotion,joy,ad01_0003,199.6694849650028,187.8077931570664,30.246841739051472,34.216465572018436,114.28924374027815,155.82024434154744,1.8755328798185942,1.5209070294784581
emotion,neutral,ad01_0003,102.08549811353414,129.2966046700901,10.744825577414627,38.99384825304875,44.3100995437067,138.45549803706604,1.6905215419501134,1.3815873015873017
emotion,sadness,ad01_0003,117.36782030183787,131.82555784738597,9.332987100739798,60.145644290930775,37.00446433131104,292.54717590240665,1.789501133786848,1.5905668934240362
emotion,anger,ad01_0004,214.79919032306947,194.10321395724316,89.14845166639383,32.79882116674642,390.21588538783834,129.42768486788177,1.3970068027210885,1.18421768707483
emotion,fear,ad01_0004,160.49449105452658,154.0716796994492,33.9818370429733,28.81394072001864,113.32048029100629,104.08662038866682,1.2230158730158731,1.0565079365079366
emotion,joy,ad01_0004,223.49720429950264,217.84714144501214,71.72671127392054,51.38655004918271,234.51544941470067,201.58421709288135,1.299501133786848,1.1377777777777778
emotion,neutral,ad01_0004,106.60031075410184,119.42679264786453,12.12420565533447,25.553839595970164,45.76270741219862,106.90410615433159,1.2370068027210885,1.0565079365079366
emotion,sadness,ad01_0004,140.35096171646654,146.95178837915623,21.470912238650516,18.874733429142218,82.49203384832822,78.7913564046299,1.3200226757369615,1.172607709750567
topical_emphasis,beginning,ad00_0100,251.84230679989656,234.86963112705268,57.35521792464969,55.8601070401039,267.87058178582527,264.0286251700136,2.9393197278911565,2.2755555555555556
topical_emphasis,middle,ad00_0100,270.2299488614233,250.85094851555004,44.90619280285009,51.034800419651674,158.02117648483727,222.62133136596714,3.143968253968254,2.3568253968253967
topical_emphasis,end,ad00_0100,253.91582629630898,244.63609232803856,40.142882422894594,55.03308326515668,148.62945801409634,231.14700296412036,3.51437641723356,2.5658049886621317
topical_emphasis,beginning,ad00_0101,242.99632416957238,239.2091130321628,51.124006025867104,59.602255910848925,162.73086104405843,267.2085171539587,3.078004535147392,2.786394557823129
topical_emphasis,middle,ad00_0101,237.9015436170879,228.88290372553914,40.34618530625633,31.338511137383932,226.80052753534926,188.0626523647378,2.719501133786848,2.426485260770975
topical_emphasis,end,ad00_0101,241.30301949044818,246.46026129016528,42.61223633488177,38.161486702682815,146.9084842720765,249.92573581869715,2.861519274376417,2.5193650793650795
topical_emphasis,beginning,ad00_0102,234.46382918126187,219.44553163198046,57.04627110475124,52.18793882104318,182.16977196936858,266.60861930284136,2.2815192743764174,2.1130158730158732
topical_emphasis,middle,ad00_0102,245.54191129630445,225.02631637181685,39.892947267435154,40.39234519951038,134.4571487302173,131.8373916562382,2.46,2.461315192743764
topical_emphasis,end,ad00_0102,239.30531277434685,231.6319882450185,38.662667641411595,46.824072719434746,135.68255480534512,229.08076303081867,2.8705215419501133,2.124625850340136
topical_emphasis,beginning,ad00_0103,245.90022293226406,233.65337415465171,64.50941586266053,63.75663081264608,327.9883632072904,351.3663753552616,3.039002267573696,2.75156462585034
topical_emphasis,middle,ad00_0103,240.41546161061083,223.2360188485861,39.68787992688565,47.0127372786608,128.8933961188559,222.6971992400152,2.9845124716553286,2.5309750566893423
topical_emphasis,end,ad00_0103,262.94003748281574,257.66374135750226,46.820893352953924,48.757166793170185,175.00722390622067,249.8400285148949,3.261020408163265,2.728344671201814
topical_emphasis,beginning,ad00_0104,244.03633395364835,230.93360990215882,75.27405642488229,54.083900385117076,287.64439045430913,212.24575138579655,2.7450113378684806,2.2639455782312927
topical_emphasis,middle,ad00_0104,268.8403300061803,261.9441093128978,52.102013304802036,50.12723007791229,170.41646416564717,156.05266275167466,2.3670068027210887,2.0317460317460316
topical_emphasis,end,ad00_0104,263.8573009772497,262.4041467253958,44.39329695396223,36.95165828190476,184.6648172912332,141.49423756899856,2.4865079365079366,2.124625850340136
topical_emphasis,beginning,ad01_0100,103.1659211920356,119.36047624604547,19.09907180821428,77.5826630508409,71.66850715787143,396.8519035530179,2.0940136054421767,2.0317460317460316
topical_emphasis,middle,ad01_0100,115.55864977275138,106.62897454302144,46.31415940842199,24.014843101903242,220.5774006839751,103.07162505122756,2.2975056689342406,2.078185941043084
topical_emphasis,end,ad01_0100,105.99760019484587,118.10826238503402,14.816315709132255,36.453706761508954,52.656697429518786,142.22279828408557,2.383514739229025,2.089795918367347
topical_emphasis,beginning,ad01_0101,101.1981750001384,132.7582400950633,21.849992757644387,43.58367996435801,105.382021853366,146.17312149639696,2.699501133786848,2.449705215419501
topical_emphasis,middle,ad01_0101,118.55297052723617,124.37108536224227,44.83013394332505,29.599951306690034,256.4604722665965,122.19034508316653,2.6070068027210884,2.403265306122449
topical_emphasis,end,ad01_0101,106.68588879314773,122.60643016097228,18.545469858462038,26.64347467889426,89.53217705008025,127.73249228376571,2.489501133786848,2.2407256235827666
topical_emphasis,beginning,ad01_0102,106.28574358603812,125.03616398616377,21.20576105463715,28.393610543364975,74.71691217297855,115.76604552578556,2.182517006802721,2.0317460317460316
topical_emphasis,middle,ad01_0102,106.01751365860075,116.86434785702275,21.05286563550812,17.147866127534297,77.65180079486312,91.16794935511608,2.362517006802721,2.066575963718821
topical_emphasis,end,ad01_0102,113.02903020445136,138.83885873003334,30.685807758773798,71.73083898467927,178.1950162165678,307.0522929163599,2.2790022675736963,2.020136054421769
topical_emphasis,beginning,ad01_0103,104.86315177297526,143.19348703813301,21.157863433698974,79.24251173128513,79.88891574930662,351.10015913922575,2.729501133786848,3.076643990929705
topical_emphasis,middle,ad01_0103,113.60772388736657,111.75508374613133,28.147054778110395,20.873969408940376,100.82297625131142,79.37175026362122,2.5855102040816327,2.3568253968253967
topical_emphasis,end,ad01_0103,105.70127560946928,122.47697434394414,17.949864300282073,60.427309463148354,61.45990684324401,314.53458408882113,2.408004535147392,2.2407256235827666
topical_emphasis,beginning,ad01_0104,104.84902632998414,109.94621771680615,24.046223194224584,24.729555041657232,80.90965287801278,83.88485215643469,2.422517006802721,2.0085260770975055
topical_emphasis,middle,ad01_0104,116.48441182005998,135.81367327064487,68.49870999292085,92.74817660168274,423.0594845907243,389.36846979233866,2.5710204081632653,2.2291156462585033
topical_emphasis,end,ad01_0104,130.80809373241766,160.3161756251247,78.78812698518168,111.22159508081106,421.9290046291112,404.6868811874597,2.5160090702947846,2.124625850340136
propositional_attitude,incredulity,ad00_0200,344.2138865292926,340.41568366097175,91.72950487343833,96.28201570301265,303.7363406232576,413.3412793963207,2.3085034013605443,2.066575963718821
propositional_attitude,neutral,ad00_0200,232.60721855619562,216.801768567198,36.24540759340808,46.97457854659797,128.66150294259617,202.59296762720362,1.8675056689342404,1.8575963718820863
propositional_attitude,surprise,ad00_0200,272.649581326846,287.26467158501373,62.47792868974094,86.26008674242902,294.07356012689127,393.17897616700134,2.0645124716553287,2.078185941043084
propositional_attitude,incredulity,ad00_0201,372.9575076606775,348.6887254497405,91.25331652091562,133.56317973870503,296.7818837511919,403.7942420124348,2.164013605442177,2.1130158730158732
propositional_attitude,neutral,ad00_0201,229.56449752776484,228.9390363463696,44.05162576917194,74.28860251957964,145.6258349610252,367.5155108225094,1.9300226757369614,1.9156462585034013
propositional_attitude,surprise,ad00_0201,269.1478625462255,259.34792894299846,71.2899080825644,84.78943022662227,289.0934153566814,410.63239003322093,2.2065079365079363,1.8692063492063493
propositional_attitude,incredulity,ad00_0202,318.1448864394068,328.52089511619755,84.82406636589248,115.89731624536108,305.715961474367,410.3951359090214,2.419501133786848,2.426485260770975
propositional_attitude,neutral,ad00_0202,222.21143668650822,211.29888391844182,40.29103096433508,41.51923190067185,149.03227212965012,180.7248541076641,2.2170068027210883,2.159455782312925
propositional_attitude,surprise,ad00_0202,308.3595174424006,330.65866939881164,76.89755153248964,99.68767791672468,283.94099729847073,411.9316549599672,2.0690022675736963,2.147845804988662
propositional_attitude,incredulity,ad00_0203,344.46065906554287,315.68547214909654,71.47825180463306,96.9454378346223,298.3206488631072,361.0228316387927,2.8170068027210884,2.2523356009070294
propositional_attitude,neutral,ad00_0203,234.64208697128703,221.56042571695863,38.55668305188106,37.09280390286444,103.0419803725768,106.65352019218795,1.913514739229025,1.7763265306122449
propositional_attitude,surprise,ad00_0203,258.9682916063661,242.63878333404867,59.87516714622119,65.03209831596064,307.9892248451649,416.28528676861714,2.3240136054421767,2.2291156462585033
propositional_attitude,incredulity,ad00_0204,380.12034754444903,314.4384431030319,110.80738388185534,129.5900561241641,328.1056630696339,408.9729028849527,2.3365079365079366,1.555736961451247
propositional_attitude,neutral,ad00_0204,227.76107208581948,210.18578730461263,49.56206702703883,61.060581201978685,168.2301057412414,271.68151931589665,1.5470068027210884,1.3583673469387756
propositional_attitude,surprise,ad00_0204,290.55481705294295,271.6683302608646,82.28763943927018,115.25460682962235,303.55013664886354,360.14974882494124,2.2005215419501134,1.6718367346938776
propositional_attitude,incredulity,ad01_0200,188.66489517311962,134.0394095124506,89.7142522357087,26.095741694977036,365.29548077759546,97.430728756387,1.8185034013605441,1.6718367346938776
propositional_attitude,neutral,ad01_0200,120.5565575919468,149.40616652143126,74.56704283256984,86.92016849370724,382.6824945108597,337.8038700353281,1.622018140589569,1.3699773242630386
propositional_attitude,sarcasm,ad01_0200,119.9660770450381,145.58546352897568,23.02606537011812,79.42944357572512,90.51849742766078,333.11040722542964,2.7300226757369614,1.9736961451247166
propositional_attitude,surprise,ad01_0200,195.4576714105495,194.61172128537316,52.56617811694738,84.84607836114091,212.4207885393347,341.9375564068931,1.9615192743764172,1.799546485260771
propositional_attitude,incredulity,ad01_0201,187.1354894574214,189.9785603703017,52.96428196596843,43.580175574444766,180.9911505177476,155.84138248482543,1.9945124716553289,1.5673469387755101
propositional_attitude,neutral,ad01_0201,100.12424303498808,113.59179951337464,14.81691709113839,24.70100613395912,50.571892794952134,128.84228194634193,1.8255328798185941,1.6834467120181407
propositional_attitude,sarcasm,ad01_0201,119.29397916511813,120.29798687158616,29.133423693885472,25.33489403602566,109.22384957692505,92.08231843083992,2.2780045351473923,1.8808163265306121
propositional_attitude,surprise,ad01_0201,218.806851561756,193.52545770667427,51.87569834478961,29.95295590047936,190.541799460243,128.20316601001548,2.015510204081633,1.5325170068027212
propositional_attitude,incredulity,ad01_0202,223.36091828723156,225.79799624248892,76.64688212948404,78.94528983850132,256.3726758964517,248.05951365849108,1.9765079365079365,1.7414965986394557
propositional_attitude,neutral,ad01_0202,111.0188000577302,113.56525243484178,42.47213558752262,27.49644556064946,225.5235474902223,101.78251836771042,1.7155102040816326,1.5905668934240362
propositional_attitude,sarcasm,ad01_0202,133.3537619498582,143.80208319947724,79.24655008938629,76.23113705770095,393.14102525175406,321.31842258683855,3.0785034013605443,1.8924263038548752
propositional_attitude,surprise,ad01_0202,173.76664847602586,146.59036880053597,82.2330398317553,47.242557679504436,398.8033944647386,179.43300499075514,2.0810204081632655,1.811156462585034
propositional_attitude,incredulity,ad01_0203,198.51528303514988,201.32937729066586,75.91950801359916,75.8383115680674,258.3260959116903,280.0345226598622,1.4535147392290249,1.207437641723356
propositional_attitude,neutral,ad01_0203,100.57980966684543,113.0017533456604,11.890408051129619,25.549558807142656,46.1847825704194,112.74872302492035,1.4635147392290249,1.1493877551020408
propositional_attitude,sarcasm,ad01_0203,130.76149753919677,166.55025174017686,30.574394682387506,85.79805814881256,101.17352109426135,350.05221652600414,2.3019954648526078,1.5673469387755101
propositional_attitude,surprise,ad01_0203,191.3473122327612,172.1122229865109,68.2677106774427,52.865665846046035,249.6642830426701,193.5608877241196,1.5320181405895692,1.207437641723356
propositional_attitude,incredulity,ad01_0204,209.54939996975497,205.97991105034993,53.461089415319606,55.3686389444315,216.9319633024242,220.69247895438372,2.0672562358276645,2.078185941043084
propositional_attitude,neutral,ad01_0204,111.68259666191827,136.26776095257378,26.308090645946812,38.40473005445158,106.28429152961655,113.68145762867029,1.8297278911564625,1.7414965986394557
propositional_attitude,sarcasm,ad01_0204,150.01634378378586,146.4293346314086,31.886631081985893,19.841203759767296,122.55410482925122,105.12861997388137,2.847142857142857,2.2755555555555556
propositional_attitude,surprise,ad01_0204,184.75253337514206,181.67315109892905,65.31570200376424,50.35819215923871,243.099981729033,207.30301726985454,2.130816326530612,2.2639455782312927
